id,age
1,58.27995
2,66.62733
3,59.77291
4,55.50128
5,54.10523
6,53.839634
7,132.5967
8,96.740456
9,111.22543
10,112.3863
11,117.449745
12,122.2254
13,129.3531
14,101.38414
15,56.91865
16,76.6437
17,55.015667
18,73.34239
19,66.089294
20,63.191517
21,130.93274
22,92.33062
23,114.83259
24,140.66414
25,116.1852
26,113.510345
27,106.90061
28,93.4655
