id,age
1,13.109576
2,13.6337805
3,11.915069
4,13.56906
5,12.263364
6,13.544792
7,32.065666
8,24.170439
9,27.211018
10,29.796589
11,31.510862
12,32.110344
13,34.863197
14,29.541006
15,16.611235
16,21.787577
17,17.486567
18,23.36113
19,22.95075
20,22.638102
21,39.351162
22,31.85802
23,37.219036
24,44.90696
25,38.352894
26,38.40583
27,37.01536
28,34.864285
